Apk name,Native library so file exist,Source file name load library,Platform name
com.impp.offroad.bus.driving.simulator.apk,True,com.impp.offroad.bus.driving.simulator/smali/com/unity3d/player/UnityPlayer.smali,N/A
ru.rutaxi.vezet.apk,False,N/A,N/A
org.eobdfacile.android.apk,True,org.eobdfacile.android/smali/org/eobdfacile/android/ReportFileActivity.smali,N/A
com.its.rto.apk,False,N/A,N/A
com.mega.ramp.monster.truck.racing.games.apk,True,com.mega.ramp.monster.truck.racing.games/smali/com/unity3d/player/UnityPlayer.smali,N/A
com.stormbreakxr.snow.mountain.bike.racing.motocross.race.apk,True,com.stormbreakxr.snow.mountain.bike.racing.motocross.race/smali/com/unity3d/player/UnityPlayer.smali,N/A
com.napko.RealDash.apk,True,com.napko.RealDash/smali/com/napko/nuts/androidframe/NutsAndroidActivity.smali,N/A
com.wazeem.vehicleverificationpakistan.apk,False,N/A,N/A
obdhightech.com.remotekey.keysetup.keyprogramprocedure.apk,False,N/A,N/A
com.iViNi.VWhatFull.apk,True,com.iViNi.VWhatFull/smali_classes2/com/instabug/library/internal/storage/Encryptor.smali,N/A
kz.kolesa.apk,True,kz.kolesa/smali_classes2/go/Seq.smali,N/A
com.ProcessGames.X5DriftSimulator.apk,True,com.ProcessGames.X5DriftSimulator/smali/com/unity3d/player/UnityPlayer.smali,N/A
com.steelcloudstudio.classic.car.parking.real.driving.test.apk,True,com.steelcloudstudio.classic.car.parking.real.driving.test/smali/com/unity3d/player/UnityPlayer.smali,N/A
com.gamescapes.flying.bike.stunts.apk,True,com.gamescapes.flying.bike.stunts/smali/com/unity3d/player/UnityPlayer.smali,N/A
com.mushroomcloud.cars.apk,False,N/A,Cordova
com.livery.bussid.sepakbola.apk,True,com.livery.bussid.sepakbola/smali_classes2/com/livery/bussid/sepakbola/PTPlayer.smali,N/A
com.liveryebs3.sempatistar.apk,True,com.liveryebs3.sempatistar/smali/com/liveryebs3/sempatistar/PTPlayer.smali,N/A
com.OppanaGames.Car.Sim.Japan.apk,True,com.OppanaGames.Car.Sim.Japan/smali/com/google/games/bridge/NativeBridgeActivity.smali,N/A
kr.socar.handler.apk,True,kr.socar.handler/smali/com/naver/maps/map/internal/d.smali,N/A
test.siaxe.speedeo.apk,False,N/A,N/A
com.yhi.police.speed.power.boat.extreme.gangster.chase.apk,True,com.yhi.police.speed.power.boat.extreme.gangster.chase/smali/com/unity3d/player/UnityPlayer.smali,N/A
com.aps.police.spooky.jeep.parking.adventure.apk,True,com.aps.police.spooky.jeep.parking.adventure/smali/com/unity3d/player/UnityPlayer.smali,N/A
com.lemurmonitors.bluedriver.apk,True,com.lemurmonitors.bluedriver/smali/com/shinobicontrols/charts/AnimationManager.smali,N/A
com.mod.bussidlengkap.apk,True,com.mod.bussidlengkap/smali/com/mod/bussidlengkap/PTPlayer.smali,N/A
com.impp.truck.parking.cargo.driver.apk,True,com.impp.truck.parking.cargo.driver/smali/com/unity3d/player/UnityPlayer.smali,N/A
com.madcap.top.speed.formula.racing.tracks.apk,True,com.madcap.top.speed.formula.racing.tracks/smali/com/unity3d/player/UnityPlayer.smali,N/A
com.brokendiamond.car.parking.hero.best.car.parking.games.apk,True,com.brokendiamond.car.parking.hero.best.car.parking.games/smali/com/unity3d/player/UnityPlayer.smali,N/A
com.modsbussid.pandawadelapantujuh.apk,True,com.modsbussid.pandawadelapantujuh/smali/com/modsbussid/pandawadelapantujuh/PTPlayer.smali,N/A
com.modern.fps.commando.combat.strike.games.apk,True,com.modern.fps.commando.combat.strike.games/smali/com/unity3d/player/UnityPlayer.smali,N/A
com.autozone.mobile.apk,True,com.autozone.mobile/smali_classes2/com/threatmetrix/TrustDefender/internal/H.smali,React
com.application.vin01.vin01.apk,False,com.application.vin01.vin01/smali/com/yandex/metrica/impl/NativeCrashesHelper.smali,N/A
com.av100.androidapp.apk,False,N/A,N/A
com.alpha.truck.simulator.euro.driver.racinggames.apk,True,com.alpha.truck.simulator.euro.driver.racinggames/smali/com/google/android/exoplayer2/util/LibraryLoader.smali,N/A
com.luxurybus.liverybussidsdd.apk,True,com.luxurybus.liverybussidsdd/smali/com/luxurybus/liverybussidsdd/PTPlayer.smali,N/A
com.bikesstunt.motomaster.racing.game.trial.trick.bikeRacing.apk,True,com.bikesstunt.motomaster.racing.game.trial.trick.bikeRacing/smali/com/unity3d/player/UnityPlayer.smali,N/A
net.hondash.hondash.apk,False,N/A,N/A
com.yamaha.mygarageapp.apk,True,com.yamaha.mygarageapp/smali/com/unity3d/player/UnityPlayer.smali,N/A
com.nitrogames.offroad.truck.driver.cargo.transport.apk,True,com.nitrogames.offroad.truck.driver.cargo.transport/smali/com/unity3d/player/UnityPlayer.smali,N/A
com.autel.maxiap200.autelap.apk,True,com.autel.maxiap200.autelap/smali/com/secneo/apkwrapper/ApplicationWrapper.smali,N/A
com.girnarsoft.oto.apk,False,N/A,N/A
com.wz.counter.strike.mission.apk,True,com.wz.counter.strike.mission/smali/com/unity3d/player/UnityPlayer.smali,N/A
ie.donedeal.android.apk,False,ie.donedeal.android/smali/com/fyusion/sdk/viewer/view/NativeDisplayMap.smali,N/A
id.co.dayagroup.alwaysdaya.dam.apk,False,N/A,N/A
com.mobiquel.pitcrew.apk,False,N/A,N/A
stickman.deadheropool.hero.gangaster.crime.apk,True,stickman.deadheropool.hero.gangaster.crime/smali/com/unity3d/player/UnityPlayer.smali,N/A
ecg.move.ca.apk,True,ecg.move.ca/smali/com/threatmetrix/TrustDefender/NativeGathererHelper.smali,N/A
deadpool.gta.stickman.rope.heros.war.apk,True,deadpool.gta.stickman.rope.heros.war/smali/com/unity3d/player/UnityPlayer.smali,N/A
com.polymesh.rangeroverSVR.apk,True,com.polymesh.rangeroverSVR/smali/com/unity3d/player/UnityPlayer.smali,N/A
com.twgs.city.bus.driver.simulator.apk,True,com.twgs.city.bus.driver.simulator/smali/com/unity3d/player/UnityPlayer.smali,N/A
com.mtsdealersolutions.vindecoded.apk,False,com.mtsdealersolutions.vindecoded/smali_classes2/com/google/android/gms/vision/EngineManager.smali,N/A
com.dailyroads.v.apk,False,N/A,N/A
com.bikewale.app.apk,False,N/A,N/A
org.reactivephone.apk,False,org.reactivephone/smali/com/yandex/metrica/impl/ac/NativeCrashesHelper.smali,N/A
appinventor.ai_verkaufsagentur28.Alpine_Billo.apk,False,N/A,N/A
com.nezdroid.cardashdroid.apk,False,N/A,N/A
com.dilts_japan.semifull_easy.apk,False,N/A,N/A
com.fgz.light.bike.stunt.racing.motor.bike.racing.games.apk,True,com.fgz.light.bike.stunt.racing.motor.bike.racing.games/smali/com/unity3d/player/UnityPlayer.smali,N/A
pro.drift.car.racing.limitless.apk,True,pro.drift.car.racing.limitless/smali/com/unity3d/player/UnityPlayer.smali,N/A
com.monstermod.modjb3shdtronton.apk,True,com.monstermod.modjb3shdtronton/smali/com/monstermod/modjb3shdtronton/PTPlayer.smali,N/A
com.fortin.evostart2.apk,False,N/A,N/A
com.szinterative.trucksimulatoroffroad3.apk,True,com.szinterative.trucksimulatoroffroad3/smali/com/google/games/bridge/NativeBridgeActivity.smali,N/A
com.appstogo.carmanual.apk,False,N/A,Cordova
de.holeschak.bmw_deep_obd.apk,True,de.holeschak.bmw_deep_obd/smali/mono/MonoPackageManager.smali,Mono
com.modpremium.modbussidbusdd.apk,True,com.modpremium.modbussidbusdd/smali/com/modpremium/modbussidbusdd/PTPlayer.smali,N/A
com.opsway.boodmo.apk,True,com.opsway.boodmo/smali/com/facebook/soloader/SoLoader.smali,React
com.canvas.car.crash.beam.car.jump.arena.apk,True,com.canvas.car.crash.beam.car.jump.arena/smali/com/adcolony/sdk/j.smali,N/A
com.daimler.mbfa.android.apk,True,com.daimler.mbfa.android/smali_classes2/com/sun/jna/Native.smali,N/A
com.devduo.carlicense.apk,True,com.devduo.carlicense/smali/b/d/a/i.smali,N/A
com.las.crazy.traffic.police.car.parking.modern.simulator.apk,True,com.las.crazy.traffic.police.car.parking.modern.simulator/smali/com/unity3d/player/UnityPlayer.smali,N/A
com.extreme.simulator.monster.truck.crash.derby.fearless.stunts2019.apk,True,com.extreme.simulator.monster.truck.crash.derby.fearless.stunts2019/smali/com/unity3d/player/UnityPlayer.smali,N/A
com.ch.snow.blower.simulator.apk,True,com.ch.snow.blower.simulator/smali/com/unity3d/player/UnityPlayer.smali,N/A
com.trackensure.eld.apk,False,N/A,N/A
mureung.obdproject.apk,False,N/A,N/A
ru.starline.starline_master.apk,True,N/A,N/A
air.com.readysquare.carssounds.apk,True,N/A,N/A
pl.sdprog.apk,False,N/A,N/A
com.gs360.specialcombatmissionsops2019.apk,True,com.gs360.specialcombatmissionsops2019/smali/com/unity3d/player/UnityPlayer.smali,N/A
com.gamescapes.tractor.farming.simulator.apk,True,com.gamescapes.tractor.farming.simulator/smali/com/unity3d/player/UnityPlayer.smali,N/A
com.ScanMyOpelCAN2.Main.apk,False,N/A,N/A
com.gms.snowbike.stuntracing.bikeracing.racetracks.apk,True,com.gms.snowbike.stuntracing.bikeracing.racetracks/smali/com/unity3d/player/UnityPlayer.smali,N/A
com.bgs.offroad.driving.hill.driving.tractor.simulator.apk,True,com.bgs.offroad.driving.hill.driving.tractor.simulator/smali/com/google/games/bridge/NativeBridgeActivity.smali,N/A
com.brokendiamond.car.parking.games.offroad.glory.apk,True,com.brokendiamond.car.parking.games.offroad.glory/smali/com/unity3d/player/UnityPlayer.smali,N/A
com.usmeew.ume.apk,True,com.usmeew.ume/smali_classes2/io/card/payment/CardScanner.smali,N/A
com.ifg.carrepair.carbuilder.garagesimulator.workshoprepair.apk,True,com.ifg.carrepair.carbuilder.garagesimulator.workshoprepair/smali/com/unity3d/player/UnityPlayer.smali,N/A
com.its.taxi.apk,True,com.its.taxi/smali/pl/droidsonroids/gif/h.smali,N/A
kz.taksiregion.driver.apk,False,kz.taksiregion.driver/smali/org/apache/log4j/nt/NTEventLogAppender.smali,N/A
com.dki.gov.kominfo.cekranmordki.apk,False,N/A,N/A
com.banyac.midrive.app.intl.apk,True,com.banyac.midrive.app.intl/smali_classes2/tv/danmaku/ijk/media/player/IjkMediaPlayer$1.smali,N/A
com.insfra.incar.apk,False,N/A,N/A
ru.speedfire.flycontrolcenter.apk,True,ru.speedfire.flycontrolcenter/smali_classes2/pl/droidsonroids/gif/h.smali,N/A
com.mfa2.Technocar.apk,True,com.mfa2.Technocar/smali/com/embarcadero/rtl/ProxyService.smali,N/A
com.obddriver.free.apk,False,N/A,N/A
hobdrivedemo.android.apk,True,hobdrivedemo.android/smali/mono/MonoPackageManager.smali,Mono
com.com.OppanaGames.Cars.C63.M5.apk,True,com.com.OppanaGames.Cars.C63.M5/smali/com/google/games/bridge/NativeBridgeActivity.smali,N/A
com.bs.dr.multistorey.parking.car.street.master.apps.apk,True,com.bs.dr.multistorey.parking.car.street.master.apps/smali/com/unity3d/player/UnityPlayer.smali,N/A
in.mtab.android.marutisuzuki.apk,True,in.mtab.android.marutisuzuki/smali/com/github/hiteshsondhi88/libffmpeg/ArmArchHelper.smali,N/A
com.motordata.obd.apk,True,com.motordata.obd/smali/com/motordata/obd/MotordataCore.smali,Cordova
com.acg.impossible.tracks.mega.ramp.crazy.car.stunts.apk,True,com.acg.impossible.tracks.mega.ramp.crazy.car.stunts/smali/com/adcolony/sdk/j.smali,N/A
com.ProcessGames.ChironDriftSimulator.apk,True,com.ProcessGames.ChironDriftSimulator/smali/com/unity3d/player/UnityPlayer.smali,N/A
air.com.readysquare.sckeys.apk,True,N/A,N/A
com.anti.gun.shooter.apk,True,com.anti.gun.shooter/smali/com/unity3d/player/UnityPlayer.smali,N/A
com.infostud.android.pa.apk,False,N/A,N/A
com.modsbussid.sempatistar.apk,True,com.modsbussid.sempatistar/smali/com/modsbussid/sempatistar/PTPlayer.smali,N/A
com.frenzygames.farm.tractor.cargo.transport.drivinig.sim.apk,True,com.frenzygames.farm.tractor.cargo.transport.drivinig.sim/smali/com/unity3d/player/UnityPlayer.smali,N/A
com.frenzygames.fgs.uphill.offroad.suv.drive.simulator.apk,True,com.frenzygames.fgs.uphill.offroad.suv.drive.simulator/smali/com/unity3d/player/UnityPlayer.smali,N/A
com.ovz.carscanner.apk,True,com.ovz.carscanner/smali/mono/MonoPackageManager.smali,Mono
com.voltasit.obdeleven.apk,True,com.voltasit.obdeleven/smali/com/voltasit/parse/Parse.smali,N/A
com.cars.android.apk,True,com.cars.android/smali_classes2/com/google/android/gms/vision/EngineManager.smali,N/A
hands.android.webmotors.apk,True,N/A,N/A
com.knafapp.knafappnotification.apk,False,N/A,Cordova
net.bimmergeeks.apk,True,net.bimmergeeks/smali/mono/MonoPackageManager.smali,Mono
de.appomotive.bimmercode.apk,True,de.appomotive.bimmercode/smali/de/appomotive/bimmercode/external/ExternalLib.smali,N/A
com.autolauncher.motorcar.free.apk,True,com.autolauncher.motorcar.free/smali/jp/co/cyberagent/android/gpuimage/GPUImageNativeLibrary.smali,N/A
com.lge.mirrordrive.apk,False,com.lge.mirrordrive/smali/com/android/ex/variablespeed/VariableSpeedNative.smali,N/A
com.swd.tracker.apk,True,com.swd.tracker/smali/cn/jiguang/service/Protocol.smali,N/A
com.dishub.gobissurabaya.apk,False,N/A,Cordova
com.yhi.city.road.building.excavator.construction.games.apk,True,com.yhi.city.road.building.excavator.construction.games/smali/com/unity3d/player/UnityPlayer.smali,N/A
ua.in.citybus.lviv.apk,True,ua.in.citybus.lviv/smali/io/objectbox/j/c.smali,N/A
com.bgs.carbuggy.crashracing.demolitionarena.crashgames.apk,True,com.bgs.carbuggy.crashracing.demolitionarena.crashgames/smali/com/unity3d/player/UnityPlayer.smali,N/A
com.play.io.monster.truck.demolition.derby.crash.stunts.apk,True,com.play.io.monster.truck.demolition.derby.crash.stunts/smali/com/unity3d/player/UnityPlayer.smali,N/A
com.bgs.rushcity.cabdriving.moderntaxisim.apk,True,com.bgs.rushcity.cabdriving.moderntaxisim/smali/com/unity3d/player/UnityPlayer.smali,N/A
com.tm.tmcar.apk,True,com.tm.tmcar/smali_classes2/pl/droidsonroids/gif/LibraryLoader.smali,N/A
com.korean_memo.apk,False,N/A,N/A
ru.alarmtrade.pandora.apk,True,ru.alarmtrade.pandora/smali/ru/yandex/core/CoreApplication.smali,N/A
velocimetro.zinetikan.com.apk,True,velocimetro.zinetikan.com/smali/io/liteglue/SQLiteConnector.smali,Cordova
com.vrx.modern.uphill.bus.simulator.games.apk,True,com.vrx.modern.uphill.bus.simulator.games/smali/com/google/android/exoplayer2/util/LibraryLoader.smali,N/A
com.ErenApaydin.SkylineDriftandDrivingSimulator.apk,True,com.ErenApaydin.SkylineDriftandDrivingSimulator/smali/com/unity3d/player/UnityPlayer.smali,N/A
com.sec.android.automotive.drivelink.apk,True,com.sec.android.automotive.drivelink/smali_classes2/com/sec/vsf/hybrid/recognition/pocketsphinx/PocketSphinxEngine.smali,N/A
cz.skodaauto.connect.apk,True,cz.skodaauto.connect/smali/com/google/android/gms/vision/EngineManager.smali,N/A
cz.tomasvalek.dashcamtravel.apk,False,N/A,N/A
com.zymbia.carpm_mechanic.apk,False,N/A,N/A
com.SGS.DrivingSchoolGames.RealCarParkingSimulator.apk,True,com.SGS.DrivingSchoolGames.RealCarParkingSimulator/smali/com/unity3d/player/UnityPlayer.smali,N/A
com.tecus.user.tecus.apk,False,N/A,N/A
com.pnn.obdcardoctor.apk,True,com.pnn.obdcardoctor/smali_classes2/com/squareup/duktape/Duktape.smali,N/A
com.madcap.racinggame.rampcar.jump.stunts.apk,True,com.madcap.racinggame.rampcar.jump.stunts/smali/com/unity3d/player/UnityPlayer.smali,N/A
labs.onyx.vehicleownerdetailsindia.apk,False,N/A,N/A
com.fya.bicycleriding.offroaddriving.bmxgames.ridingsimulator.apk,True,com.fya.bicycleriding.offroaddriving.bmxgames.ridingsimulator/smali/com/unity3d/player/UnityPlayer.smali,N/A
ru.farpost.dromfilter.apk,True,ru.farpost.dromfilter/smali_classes2/ru/farpost/dromfilter/sordetector/util/JNI.smali,N/A
com.oprex.nopol.apk,False,com.oprex.nopol/smali/com/google/android/gms/vision/EngineManager.smali,N/A
com.gcg.traingamesfreesimulator.apk,True,com.gcg.traingamesfreesimulator/smali_classes2/com/unity3d/player/UnityPlayer.smali,N/A
com.RuzgarApp.PeugeotDriftSimulator.apk,True,com.RuzgarApp.PeugeotDriftSimulator/smali/com/unity3d/player/UnityPlayer.smali,N/A
com.threed.sand.excavator.simulator.apk,True,com.threed.sand.excavator.simulator/smali/com/immersion/content/EndpointWarp.smali,N/A
com.tractor.forming.simulator.apk,True,com.tractor.forming.simulator/smali/com/google/android/exoplayer2/util/LibraryLoader.smali,N/A
spinninghead.carhome.apk,False,N/A,N/A
com.didiglobal.fleet.apk,True,com.didiglobal.fleet/smali/c/t/m/g/dz.smali,N/A
com.porsche.parv.apk,True,com.porsche.parv/smali/com/google/ar/core/Session.smali,N/A
com.livery.mod.bussid.truckindo.apk,True,com.livery.mod.bussid.truckindo/smali_classes2/com/livery/mod/bussid/truckindo/PTPlayer.smali,N/A
com.starmods.modbussidpesawat.apk,True,com.starmods.modbussidpesawat/smali/com/starmods/modbussidpesawat/PTPlayer.smali,N/A
com.gs360.counter.terrorist.shooting.games.apk,True,com.gs360.counter.terrorist.shooting.games/smali/com/unity3d/player/UnityPlayer.smali,N/A
com.newtonlivery.modmobilbussid.apk,True,com.newtonlivery.modmobilbussid/smali/com/newtonlivery/modmobilbussid/PTPlayer.smali,N/A
kz.crystalspring.pit_stop_kz.apk,False,N/A,N/A
com.ProcessGames.BenzS600DriftSimulator.apk,True,com.ProcessGames.BenzS600DriftSimulator/smali/com/unity3d/player/UnityPlayer.smali,N/A
com.tg.Coach.Bus.Simulator.New.bus.driving.game.apk,True,com.tg.Coach.Bus.Simulator.New.bus.driving.game/smali/com/google/android/exoplayer2/util/LibraryLoader.smali,N/A
com.vwag.infotainment.aa.vex.apk,False,com.vwag.infotainment.aa.vex/smali/org/apache/log4j/nt/NTEventLogAppender.smali,N/A
com.idutex.alonevehicle.E4.apk,True,com.idutex.alonevehicle.E4/smali/com/tencent/StubShell/TxAppEntry.smali,N/A
uptaxi.driverpm.apk,True,uptaxi.driverpm/smali/ru/yandex/core/CoreApplication.smali,N/A
com.mpm.brompit.apk,True,com.mpm.brompit/smali/com/facebook/soloader/SoLoader.smali,React
itamazing.spiderman.rope.hero.stickman.rope.heros.apk,True,itamazing.spiderman.rope.hero.stickman.rope.heros/smali/com/unity3d/player/UnityPlayer.smali,N/A
com.chipsguide.app.roav.fmplayer.apk,True,com.chipsguide.app.roav.fmplayer/smali_classes2/pl/droidsonroids/gif/LibraryLoader.smali,N/A
spidervenom.spiderman.rope.hero.stickman.rope.heros.apk,True,spidervenom.spiderman.rope.hero.stickman.rope.heros/smali/com/unity3d/player/UnityPlayer.smali,N/A
com.ats.ramp.car.stunts.free.race.ultimate.boost.racer.apps.apk,True,com.ats.ramp.car.stunts.free.race.ultimate.boost.racer.apps/smali/com/google/games/bridge/NativeBridgeActivity.smali,N/A
com.app.joker.apk,True,com.app.joker/smali_classes2/org/vudroid/core/VuDroidLibraryLoader.smali,Cordova
com.frenzygames.fgs.uphill.offroad.pickup.driver.cargo.duty.apk,True,com.frenzygames.fgs.uphill.offroad.pickup.driver.cargo.duty/smali_classes2/com/unity3d/player/UnityPlayer.smali,N/A
com.bpgs.mudrunner.offroad.tow.truck.apk,True,com.bpgs.mudrunner.offroad.tow.truck/smali/com/unity3d/player/UnityPlayer.smali,N/A
au.com.toyota.EntuneToyota.apk,True,au.com.toyota.EntuneToyota/smali_classes2/com/here/posclient/ext/UsageTracking.smali,N/A
su.ati.client.android.apk,True,su.ati.client.android/smali/com/yandex/metrica/impl/NativeCrashesHelper.smali,N/A
com.frenzygames.fgs.scooter.water.jetski.boat.racing.mania.apk,True,com.frenzygames.fgs.scooter.water.jetski.boat.racing.mania/smali/com/unity3d/player/UnityPlayer.smali,N/A
com.jimaapps.tricky.stuntbike.racing.trails.games.apk,True,com.jimaapps.tricky.stuntbike.racing.trails.games/smali_classes2/com/unity3d/player/UnityPlayer.smali,N/A
com.google.android.projection.gearhead.apk,True,com.google.android.projection.gearhead/smali/fdy.smali,N/A
com.pg.police.car.simulator.apk,True,com.pg.police.car.simulator/smali/com/unity3d/player/UnityPlayer.smali,N/A
ru.bloodsoft.gibddchecker.apk,True,ru.bloodsoft.gibddchecker/smali/ru/bloodsoft/gibddchecker/ProverkaAutoApplication.smali,N/A
com.happyconz.blackbox.apk,False,com.happyconz.blackbox/smali/android/media/MediaMetadataRetriever.smali,N/A
com.toucangames.oil.cargo.transport.truck.apk,True,com.toucangames.oil.cargo.transport.truck/smali/com/unity3d/player/UnityPlayer.smali,N/A
ru.drom.numbers.apk,True,ru.drom.numbers/smali/com/facebook/soloader/SoLoader.smali,N/A
com.interbolt.impossible.formula.ramp.car.stunts.apk,True,com.interbolt.impossible.formula.ramp.car.stunts/smali/com/unity3d/player/UnityPlayer.smali,N/A
com.gcg.oiltanker.apk,True,com.gcg.oiltanker/smali_classes2/com/unity3d/player/UnityPlayer.smali,N/A
com.gamad.trainsimulatorgames3d.apk,True,com.gamad.trainsimulatorgames3d/smali_classes2/com/unity3d/player/UnityPlayer.smali,N/A
ua.rst.android.apk,False,N/A,N/A
com.formula.car.racing.stunts.impossible.tracks2019.apk,True,com.formula.car.racing.stunts.impossible.tracks2019/smali/com/unity3d/player/UnityPlayer.smali,N/A
com.gf.railwaystation.railroadconstruction.constructiongames.apk,True,com.gf.railwaystation.railroadconstruction.constructiongames/smali/com/unity3d/player/UnityPlayer.smali,N/A
com.tah.car.parking.handbrake.hopeless.blinker.quality.manual.impossible.traffic.gearbox.apk,True,com.tah.car.parking.handbrake.hopeless.blinker.quality.manual.impossible.traffic.gearbox/smali/com/unity3d/player/UnityPlayer.smali,N/A
com.soft373.taptaxi.apk,True,com.soft373.taptaxi/smali_classes2/org/apache/log4j/nt/NTEventLogAppender.smali,N/A
com.app.user.project_app.apk,False,N/A,N/A
jabi.pdd2.apk,False,jabi.pdd2/smali/com/yandex/metrica/impl/NativeCrashesHelper.smali,N/A
ru.drom.pdd.android.app.apk,True,ru.drom.pdd.android.app/smali/com/facebook/soloader/SoLoader.smali,N/A
com.gazstation.apk,True,com.gazstation/smali_classes2/io/realm/internal/RealmCore.smali,N/A
com.didiglobal.driver.apk,True,com.didiglobal.driver/smali_classes2/com/didi/sdk/push/Push.smali,Flutter
com.modbus.modtruckgandeng.apk,True,com.modbus.modtruckgandeng/smali/com/modbus/modtruckgandeng/PTPlayer.smali,N/A
com.seat.myseat.apk,True,com.seat.myseat/smali/com/dat/datlib/ConnectionImpl.smali,N/A
com.gamad.helicoptergames.apk,True,com.gamad.helicoptergames/smali/com/unity3d/player/UnityPlayer.smali,N/A
com.frenzygames.demolition.derby.car.crash.racing.stunts.apk,True,com.frenzygames.demolition.derby.car.crash.racing.stunts/smali/com/unity3d/player/UnityPlayer.smali,N/A
com.ramp.bike.impossible.bike.stunt.game.apk,True,com.ramp.bike.impossible.bike.stunt.game/smali/com/unity3d/player/UnityPlayer.smali,N/A
com.iViNi.DrMercedesLite.apk,True,com.iViNi.DrMercedesLite/smali_classes2/com/instabug/library/internal/storage/Encryptor.smali,N/A
com.seat.connectedcar.aa.driveapp.apk,True,com.seat.connectedcar.aa.driveapp/smali/wk.smali,N/A
com.starmods.truckcanterbussid.apk,True,com.starmods.truckcanterbussid/smali/com/starmods/truckcanterbussid/PTPlayer.smali,N/A
com.ifg.crime.mafia.open.world.games.apk,True,com.ifg.crime.mafia.open.world.games/smali/com/unity3d/player/UnityPlayer.smali,N/A
de.hammtech.bestcarsounds.apk,False,N/A,N/A
com.kurdappdev.SarpechiTraffic.apk,False,N/A,N/A
com.til.zigwheels.apk,False,N/A,N/A
com.toucangames.policedog.survival.apk,True,com.toucangames.policedog.survival/smali/com/google/android/exoplayer2/util/LibraryLoader.smali,N/A
ru.avtocod.apk,False,ru.avtocod/smali/com/yandex/metrica/impl/ac/NativeCrashesHelper.smali,N/A
appinventor.ai_radiocode.BMW_Blaupunkt_Radio_Code_Decoder.apk,False,N/A,N/A
com.bussid.pandawa.apk,True,com.bussid.pandawa/smali/com/bussid/pandawa/PTPlayer.smali,N/A
com.zv.modern.car.parking.simulator.apk,True,com.zv.modern.car.parking.simulator/smali/com/google/android/play/core/splitinstall/SplitInstallHelper.smali,N/A
com.boslivery.bussidbimasenasdd.apk,True,com.boslivery.bussidbimasenasdd/smali/com/boslivery/bussidbimasenasdd/PTPlayer.smali,N/A
priusfan.info.reportviewer.apk,False,N/A,N/A
com.modsbussid.garudamas.apk,True,com.modsbussid.garudamas/smali/com/modsbussid/garudamas/PTPlayer.smali,N/A
com.steelcloudstudio.stunt.bike.racing.game.trial.tricks.master.apk,True,com.steelcloudstudio.stunt.bike.racing.game.trial.tricks.master/smali/com/unity3d/player/UnityPlayer.smali,N/A
com.drivemode.android.apk,True,com.drivemode.android/smali_classes2/edu/cmu/pocketsphinx/SpeechRecognizerSetup.smali,N/A
com.girnarsoft.cardekho.apk,False,N/A,N/A
ru.mosparking.appnew.apk,True,ru.mosparking.appnew/smali_classes2/io/realm/internal/RealmCore.smali,N/A
ru.starlinex.app.apk,True,ru.starlinex.app/smali/com/yandex/runtime/internal/ReLinker.smali,N/A
com.softartstudio.carwebguru.apk,True,com.softartstudio.carwebguru/smali/com/crashlytics/android/ndk/JniNativeApi.smali,N/A
com.bgs.cardriving.cargames.drivingtest.drivingschool.apk,True,com.bgs.cardriving.cargames.drivingtest.drivingschool/smali/com/unity3d/player/UnityPlayer.smali,N/A
com.rlg.flying.robot.bike.racing.shooter.games.apk,True,com.rlg.flying.robot.bike.racing.shooter.games/smali/com/unity3d/player/UnityPlayer.smali,N/A
com.banyac.midrive.app.na.apk,True,com.banyac.midrive.app.na/smali_classes2/tv/danmaku/ijk/media/player/IjkMediaPlayer$1.smali,N/A
de.volkswagen.vwconnect.apk,True,de.volkswagen.vwconnect/smali/com/dat/datlib/ConnectionImpl.smali,N/A
com.mda.carbit.apk,True,com.mda.carbit/smali/com/mda/carbit/c/d.smali,N/A
com.digitalspeedometer.velocimetrogps.apk,True,com.digitalspeedometer.velocimetrogps/smali_classes2/com/unity3d/player/UnityPlayer.smali,N/A
com.kajda.fuelio.apk,False,N/A,N/A
jp.nagoya_studio.shakocho.apk,True,jp.nagoya_studio.shakocho/smali/jp/co/cyberagent/android/gpuimage/GPUImageNativeLibrary.smali,N/A
uk.co.autotrader.androidconsumersearch.apk,True,uk.co.autotrader.androidconsumersearch/smali/com/comscore/util/setup/Setup.smali,N/A
com.ezlynk.autoagent.apk,True,com.ezlynk.autoagent/smali/com/scichart/core/utility/NativeLibraryHelper.smali,N/A
com.lelic.speedcam.apk,False,com.lelic.speedcam/smali/jp/co/agoop/networkconnectivity/lib/alphsspeed/SpmsTools.smali,N/A
flex.flex.apk,False,N/A,N/A
com.alp.uphillbusdriving.apk,True,com.alp.uphillbusdriving/smali_classes2/com/unity3d/player/UnityPlayer.smali,N/A
com.dalali.app.apk,False,N/A,N/A
bike.games.mountain.bike.impossible.games.impossible.track.stunt.apk,True,bike.games.mountain.bike.impossible.games.impossible.track.stunt/smali/com/unity3d/player/UnityPlayer.smali,N/A
br.com.softlogbrasil.tecladoVirtual.apk,True,br.com.softlogbrasil.tecladoVirtual/smali/io/liteglue/SQLiteConnector.smali,Cordova
com.bl.critical.strike.apk,True,com.bl.critical.strike/smali_classes2/com/unity3d/player/UnityPlayer.smali,N/A
com.mena.customer.apk,True,com.mena.customer/smali/androidx/renderscript/RenderScript.smali,N/A
uz.avtoelon.apk,True,uz.avtoelon/smali_classes2/go/LoadJNI.smali,N/A
com.hatla2ee.hatla2ee_egypt.apk,False,N/A,Cordova
com.gydala.allcars.apk,False,N/A,N/A
com.planetban.aja.apk,True,com.planetban.aja/smali/io/flutter/view/FlutterMain.smali,Flutter
lime.taxi.key.id177.apk,True,lime.taxi.key.id177/smali/com/mapbox/mapboxsdk/maps/NativeMapView.smali,N/A
youdrive.today.apk,True,youdrive.today/smali/com/shockwave/pdfium/PdfiumCore.smali,N/A
com.frenzygames.fgs.vehicle.car.transporter.trailer.truck.apk,True,com.frenzygames.fgs.vehicle.car.transporter.trailer.truck/smali/com/unity3d/player/UnityPlayer.smali,N/A
in.pragathi.trw.apk,False,N/A,N/A
com.cwits.CarDVR168.apk,True,com.cwits.CarDVR168/smali/com/leixiaohua1020/sffmpegandroidtranscoder/MainActivity.smali,N/A
com.bymirza.net.dtcfix.apk,False,N/A,N/A
com.muv.customer.apk,True,com.muv.customer/smali/com/crashlytics/android/ndk/JniNativeApi.smali,N/A
org.prowl.torquedashboardplugin.apk,False,N/A,N/A
com.autogamingstudio.mountainclimb.offroadpickup.simulator.apk,True,com.autogamingstudio.mountainclimb.offroadpickup.simulator/smali/com/unity3d/player/UnityPlayer.smali,N/A
com.LovelyAI.LearnHowToDriveManualCar.apk,False,N/A,N/A
com.bbg.crimecar.chasedriving.crimecop.apk,True,com.bbg.crimecar.chasedriving.crimecop/smali/com/google/games/bridge/NativeBridgeActivity.smali,N/A
com.rs.extreme.gt.racing.car.stunts.apk,True,com.rs.extreme.gt.racing.car.stunts/smali/com/google/android/exoplayer2/util/LibraryLoader.smali,N/A
com.pks.real.gangster.transportDriverInVegasCity.apk,True,com.pks.real.gangster.transportDriverInVegasCity/smali_classes2/com/unity3d/player/UnityPlayer.smali,N/A
yol.dexqon.com.apk,True,yol.dexqon.com/smali/com/shockwave/pdfium/PdfiumCore.smali,N/A
com.etaxi.android.driverapp.apk,False,N/A,N/A
de.mobile.android.app.apk,False,de.mobile.android.app/smali/com/google/android/exoplayer2/util/LibraryLoader.smali,N/A
ph.com.yamahamotor.android.apk,False,N/A,N/A
com.gameswing.impossibletracks.stuntdriving.simulator2.apk,True,com.gameswing.impossibletracks.stuntdriving.simulator2/smali_classes2/com/unity3d/player/UnityPlayer.smali,N/A
com.gameswing.farmingsimulator.offroaddriving.tractortrolleygame.apk,True,com.gameswing.farmingsimulator.offroaddriving.tractortrolleygame/smali_classes2/com/unity3d/player/UnityPlayer.smali,N/A
cu.adoble.transicuba.apk,True,cu.adoble.transicuba/smali/io/liteglue/SQLiteConnector.smali,Cordova
com.klippe.dev.pdd_dnr.apk,True,com.klippe.dev.pdd_dnr/smali/com/shockwave/pdfium/PdfiumCore.smali,N/A
com.radio.transmitter.apk,True,com.radio.transmitter/smali/com/radio/transmitter/PTPlayer.smali,N/A
com.ProcessGames.LandCruiserDriftSimulator.apk,True,com.ProcessGames.LandCruiserDriftSimulator/smali/com/unity3d/player/UnityPlayer.smali,N/A
air.com.readysquare.scsm.apk,True,N/A,N/A
com.timuzgames.mmxoffroadhillracing.apk,True,com.timuzgames.mmxoffroadhillracing/smali_classes2/com/unity3d/player/UnityPlayer.smali,N/A
com.trovit.android.apps.cars.apk,False,N/A,N/A
com.avto.imtihon.apk,False,N/A,N/A
com.frenzygames.fgs.impossible.extreme.gt.car.racing.stunts.apk,True,com.frenzygames.fgs.impossible.extreme.gt.car.racing.stunts/smali/com/unity3d/player/UnityPlayer.smali,N/A
com.ubridge.uvs.carlink.apk,True,com.ubridge.uvs.carlink/smali/com/ubridge/uvs/core/JNIUtilHelper.smali,N/A
com.jockeygames.rampcar.stuntsfree.impossibletracks.stuntdriving.simulator2.apk,True,com.jockeygames.rampcar.stuntsfree.impossibletracks.stuntdriving.simulator2/smali/com/unity3d/player/UnityPlayer.smali,N/A
com.rs.gt.car.racing.stunts.crazy.impossible.tracks.apk,True,com.rs.gt.car.racing.stunts.crazy.impossible.tracks/smali/com/google/android/exoplayer2/util/LibraryLoader.smali,N/A
com.lucaf.infotarga.apk,False,N/A,N/A
com.ProcessGames.i8DriftSimulator.apk,True,com.ProcessGames.i8DriftSimulator/smali/com/unity3d/player/UnityPlayer.smali,N/A
com.cgs.heavy.crane.excavator.bulldozer.truck.driving.apk,True,com.cgs.heavy.crane.excavator.bulldozer.truck.driving/smali/com/adcolony/sdk/l.smali,N/A
com.femtoice.pddrucd.apk,False,N/A,Cordova
com.vaibhavkokare.thirddimension.apk,True,com.vaibhavkokare.thirddimension/smali/com/unity3d/player/UnityPlayer.smali,N/A
ru.exist.mobile.apk,True,ru.exist.mobile/smali/mono/MonoPackageManager.smali,Mono
ch.autoscout24.autoscout24.apk,True,ch.autoscout24.autoscout24/smali/ch/autoscout24/autoscout24/shared/services/ApiUtil.smali,N/A
com.sg.cartransport.trucktransporter.towgames.apk,True,com.sg.cartransport.trucktransporter.towgames/smali/com/google/games/bridge/NativeBridgeActivity.smali,N/A
com.camera.ligo.apk,True,com.camera.ligo/smali/com/camera/ligo/MyWrapperProxyApplication.smali,N/A
com.gs.crime.city.gangster.theft.cardriver.apk,True,com.gs.crime.city.gangster.theft.cardriver/smali/com/unity3d/player/UnityPlayer.smali,N/A
com.thebrainsphere.mobile.motorsim2.apk,True,com.thebrainsphere.mobile.motorsim2/smali/org/puredata/core/PdBase.smali,N/A
com.elm.elm327.obd2.eobd.obd.car.scanner.diagnostics.tool.dashboard.doctor.check.engine.torque.speed.trouble.codes.mary.apk,True,com.elm.elm327.obd2.eobd.obd.car.scanner.diagnostics.tool.dashboard.doctor.check.engine.torque.speed.trouble.codes.mary/smali_classes2/com/scanner/obd/util/EncodeManager.smali,N/A
com.autolist.autolist.apk,False,N/A,N/A
com.ultimate.car.parking.stunt.driving.apk,True,com.ultimate.car.parking.stunt.driving/smali/com/unity3d/player/UnityPlayer.smali,N/A
com.aa.Asphalt.Street.NitroRacer.Extreme.Car.Drive.apk,True,com.aa.Asphalt.Street.NitroRacer.Extreme.Car.Drive/smali/com/unity3d/player/UnityPlayer.smali,N/A
rabbity.com.service.apk,False,N/A,N/A
com.alp.eurotrain.apk,True,com.alp.eurotrain/smali_classes2/com/mintegral/msdk/mtgdownload/a.smali,N/A
com.modsbussid.bussidltigaratus.apk,True,com.modsbussid.bussidltigaratus/smali/com/modsbussid/bussidltigaratus/PTPlayer.smali,N/A
com.frenzygames.fgs.offroad.farm.animal.transport.trailer.truck.apk,True,com.frenzygames.fgs.offroad.farm.animal.transport.trailer.truck/smali/com/unity3d/player/UnityPlayer.smali,N/A
com.mhd.flasher.n54.apk,True,com.mhd.flasher.n54/smali/mono/MonoPackageManager.smali,Mono
com.gp.citybuilder.constructiongames.houseconstruction.apk,True,com.gp.citybuilder.constructiongames.houseconstruction/smali/com/unity3d/player/UnityPlayer.smali,N/A
com.smartapps.sayaratonline.cars.buy.sell.free.apk,True,com.smartapps.sayaratonline.cars.buy.sell.free/smali/com/getkeepsafe/relinker/SystemLibraryLoader.smali,N/A
autoparts.shop.apk,True,autoparts.shop/smali_classes2/bvk.smali,N/A
ru.car2.dacarpro.apk,True,ru.car2.dacarpro/smali_classes2/com/yandex/runtime/internal/ReLinker.smali,N/A
de.hammtech.motorcyclesounds.apk,False,N/A,N/A
com.dilts_japan.semifull_pro.apk,False,N/A,N/A
com.frenzygames.fgs.fearless.BMX.bicycle.stunt.rider.apk,True,com.frenzygames.fgs.fearless.BMX.bicycle.stunt.rider/smali/com/unity3d/player/UnityPlayer.smali,N/A
com.langit7.welovehonda.apk,True,N/A,N/A
com.suddengames.real.carracing.racinggames.apk,True,com.suddengames.real.carracing.racinggames/smali/com/unity3d/player/UnityPlayer.smali,N/A
com.tml.connectnextappone.apk,False,N/A,N/A
com.clockworkbits.piston.apk,False,N/A,N/A
cars.phantom.myapplication.apk,False,N/A,N/A
com.racingautovehiclegames.indianbussimulator.apk,True,com.racingautovehiclegames.indianbussimulator/smali/com/unity3d/player/UnityPlayer.smali,N/A
com.williexing.android.apps.xcdvr11.apk,True,com.williexing.android.apps.xcdvr11/smali/com/williexing/android/xiot/devices/XUFSCameraService.smali,N/A
com.bbenterprise.myhonda.apk,True,com.bbenterprise.myhonda/smali_classes3/com/mapbox/mapboxsdk/LibraryLoader$1.smali,N/A
com.scmedia.trukmboismania.apk,False,N/A,N/A
com.ProcessGames.VeyronDriftSimulator.apk,True,com.ProcessGames.VeyronDriftSimulator/smali/com/unity3d/player/UnityPlayer.smali,N/A
com.autoscout24.apk,True,com.autoscout24/smali_classes2/com/comscore/util/setup/Setup.smali,N/A
mrigapps.andriod.fuelcons.apk,False,N/A,N/A
com.frenzygames.fgs.police.robot.car.revenge.war.apk,True,com.frenzygames.fgs.police.robot.car.revenge.war/smali/com/unity3d/player/UnityPlayer.smali,N/A
org.policefines.finesNotCommercial.apk,False,org.policefines.finesNotCommercial/smali/com/yandex/metrica/impl/ac/NativeCrashesHelper.smali,N/A
com.fixdapp.two.apk,False,N/A,N/A
com.starmods.antigosip.apk,True,com.starmods.antigosip/smali/com/starmods/antigosip/PTPlayer.smali,N/A
com.gf.monster.tractor.pull.tractor.games.apk,True,com.gf.monster.tractor.pull.tractor.games/smali/com/unity3d/player/UnityPlayer.smali,N/A
com.gamad.busgamessimulator.apk,True,com.gamad.busgamessimulator/smali/com/unity3d/player/UnityPlayer.smali,N/A
mx.gob.cns.consultaciudadana.apk,False,N/A,N/A
ca.autotrader.userapp.apk,True,ca.autotrader.userapp/smali_classes2/com/google/android/play/core/splitinstall/SplitInstallHelper.smali,N/A
com.pk.taxoid.apk,True,com.pk.taxoid/smali/ru/yandex/core/CoreApplication.smali,N/A
ua.in.citybus.mariupol.apk,True,ua.in.citybus.mariupol/smali/io/objectbox/j/c.smali,N/A
com.fya.bulldozertransport.constructiontransport.transportgames.apk,True,com.fya.bulldozertransport.constructiontransport.transportgames/smali/com/unity3d/player/UnityPlayer.smali,N/A
com.pkg.grand.gangster.miami.city.crime.apk,True,com.pkg.grand.gangster.miami.city.crime/smali_classes2/com/unity3d/player/UnityPlayer.smali,N/A
com.toucangames.offroad.truck.hillconstruction.transportgames.apk,True,com.toucangames.offroad.truck.hillconstruction.transportgames/smali/com/google/android/exoplayer2/util/LibraryLoader.smali,N/A
com.andromo.dev479905.app887377.apk,False,N/A,N/A
com.tz.crocodile.robot.car.apk,True,com.tz.crocodile.robot.car/smali/com/unity3d/player/UnityPlayer.smali,N/A
com.aps.police.spooky.crazy.stunt.parking.apk,True,com.aps.police.spooky.crazy.stunt.parking/smali/com/unity3d/player/UnityPlayer.smali,N/A
com.rhombusgamesstudio.stunt.car.impossible.track.challenge.apk,True,com.rhombusgamesstudio.stunt.car.impossible.track.challenge/smali/com/unity3d/player/UnityPlayer.smali,N/A
com.freakingfreegames.horse.taxi.city.offroad.transport.simulator.apk,True,com.freakingfreegames.horse.taxi.city.offroad.transport.simulator/smali/com/google/android/exoplayer2/util/LibraryLoader.smali,N/A
app.com.syarah.apk,True,app.com.syarah/smali/com/getkeepsafe/relinker/SystemLibraryLoader.smali,N/A
ru.gibdd_pay.app.apk,False,N/A,N/A
com.microclip.luxury.limousine.tax.driver.city.driving.simulator.apk,True,com.microclip.luxury.limousine.tax.driver.city.driving.simulator/smali/com/google/android/exoplayer2/util/LibraryLoader.smali,N/A
com.radiocodeford.fordradiocodegenerator.apk,False,N/A,N/A
cl.com.chileautos.apk,True,cl.com.chileautos/smali_classes2/com/google/android/exoplayer2/util/LibraryLoader.smali,N/A
com.navmii.android.dashcam.apk,True,com.navmii.android.dashcam/smali/com/crashlytics/android/ndk/JniNativeApi.smali,N/A
com.shark.taxi.driver.apk,True,com.shark.taxi.driver/smali/ade.smali,N/A
com.outilsobdfacile.obd.connecteur.dlc.apk,False,N/A,N/A
org.turboaz.android.apk,True,org.turboaz.android/smali/com/facebook/common/soloader/SoLoaderShim$DefaultHandler.smali,React
com.bussid.budiman.apk,True,com.bussid.budiman/smali/com/bussid/budiman/PTPlayer.smali,N/A
com.gamescapes.ultimate.car.driving.school.racing.drift.simulator.apk,True,com.gamescapes.ultimate.car.driving.school.racing.drift.simulator/smali/com/unity3d/player/UnityPlayer.smali,N/A
tat.example.ildar.seer.apk,False,N/A,N/A
com.aa.extreme.city.gt.car.stunts.apk,True,com.aa.extreme.city.gt.car.stunts/smali/com/google/games/bridge/NativeBridgeActivity.smali,N/A
rtad.sh.com.rtad.apk,False,N/A,N/A
com.futuristicgamestudio.auto.bus.driving.city.coach.driver.apk,True,com.futuristicgamestudio.auto.bus.driving.city.coach.driver/smali/com/google/android/exoplayer2/util/LibraryLoader.smali,N/A
com.tpms3.apk,True,com.tpms3/smali/com/stub/StubApp.smali,N/A
com.iViNi.bmwhatLite.apk,True,com.iViNi.bmwhatLite/smali_classes2/com/ivini/fcodingcppinteg/FileData.smali,N/A
ru.starline.apk,True,ru.starline/smali_classes2/ru/yandex/core/CoreApplication.smali,N/A
com.modpremium.bussidmodlengkap.apk,True,com.modpremium.bussidmodlengkap/smali/com/modpremium/bussidmodlengkap/PTPlayer.smali,N/A
com.bussid2.tni.apk,True,com.bussid2.tni/smali/com/bussid2/tni/PTPlayer.smali,N/A
com.transmitter.car.apk,True,com.transmitter.car/smali/com/transmitter/car/PTPlayer.smali,N/A
com.modbussidbus.liverytruckcanter.apk,True,com.modbussidbus.liverytruckcanter/smali/com/modbussidbus/liverytruckcanter/PTPlayer.smali,N/A
com.tvsm.connect.apk,True,com.tvsm.connect/smali/com/mapbox/mapboxsdk/LibraryLoader$1.smali,N/A
appinventor.ai_radiocode.Blaupunkt_Fiat_Radio_Code_Decoder.apk,False,N/A,N/A
com.ProcessGames.AventadorDriftSimulator.apk,True,com.ProcessGames.AventadorDriftSimulator/smali/com/unity3d/player/UnityPlayer.smali,N/A
com.gcg.bigCruiseShip_GCG.apk,True,com.gcg.bigCruiseShip_GCG/smali_classes2/com/unity3d/player/UnityPlayer.smali,N/A
com.burmashare.carlicense.apk,False,N/A,N/A
games.mini.sports.jets.shooting.apk,True,games.mini.sports.jets.shooting/smali/com/google/android/exoplayer2/util/LibraryLoader.smali,N/A
com.kidstale.ramp.car.parking.challenge.apk,True,com.kidstale.ramp.car.parking.challenge/smali/com/unity3d/player/UnityPlayer.smali,N/A
com.obdmax2.apk,False,com.obdmax2/smali/com/yandex/metrica/impl/NativeCrashesHelper.smali,N/A
com.nexcell.app.apk,False,N/A,N/A
horhomun.oliviadrive.apk,False,N/A,N/A
com.ProcessGames.GranTurismoDriftSimulator.apk,True,com.ProcessGames.GranTurismoDriftSimulator/smali/com/unity3d/player/UnityPlayer.smali,N/A
com.frenzygames.offroad.uphill.oiltankertruck.transport.driver.apk,True,com.frenzygames.offroad.uphill.oiltankertruck.transport.driver/smali/com/unity3d/player/UnityPlayer.smali,N/A
com.prizmos.carista.apk,True,com.prizmos.carista/smali/com/prizmos/carista/App.smali,N/A
com.rr.citybus.apk,True,com.rr.citybus/smali/com/unity3d/player/UnityPlayer.smali,N/A
com.pakwheels.apk,True,com.pakwheels/smali/com/facebook/soloader/SoLoader.smali,React
com.cars24.seller.apk,True,com.cars24.seller/smali/com/facebook/soloader/SoLoader.smali,React
com.gms.mafiacriminal.thuglife.grandcar.openworld.apk,True,com.gms.mafiacriminal.thuglife.grandcar.openworld/smali/com/unity3d/player/UnityPlayer.smali,N/A
com.BestGames.FlyingCarSimulatorDriver.apk,True,com.BestGames.FlyingCarSimulatorDriver/smali/com/unity3d/player/UnityPlayer.smali,N/A
com.offroad.jeep.driving.simulator.apk,True,com.offroad.jeep.driving.simulator/smali/com/unity3d/player/UnityPlayer.smali,N/A
com.gms.atvquad.quadbike.transportgames.animaltransporter.apk,True,com.gms.atvquad.quadbike.transportgames.animaltransporter/smali/com/google/games/bridge/NativeBridgeActivity.smali,N/A
com.rbttuning.xhpflashtool.apk,True,com.rbttuning.xhpflashtool/smali/mono/MonoPackageManager.smali,Mono
com.girnarsoft.bikedekho.apk,False,N/A,N/A
com.ProcessGames.G65AMGDriftSimulator.apk,True,com.ProcessGames.G65AMGDriftSimulator/smali/com/unity3d/player/UnityPlayer.smali,N/A
